{
  "num_satellites": 7,
  "num_meo_satellites": 3,
  "num_ground": 3,
  "num_train_slots": 10,
  "num_predict_slots": 10,
  "num_train_queries": 10,
  "num_predict_queries": 10,
  "sat_positions_per_slot": [
    [
      [
        30.0,
        4.0
      ],
      [
        37.52441295442369,
        17.16120922347256
      ],
      [
        42.72789228047704,
        28.33541265381143
      ],
      [
        45.4233600241796,
        41.04003001359822
      ],
      [
        47.72959251407622,
        57.38542551654555
      ],
      [
        52.12322717601059,
        76.1346487418529
      ],
      [
        59.161753505403226,
        93.84068114660147
      ]
    ],
    [
      [
        31.438276615812608,
        3.821345956502424
      ],
      [
        37.99248495981216,
        16.06999531449835
      ],
      [
        41.79541643231187,
        27.334895914880704
      ],
      [
        43.94765031693114,
        41.05008092036454
      ],
      [
        47.06740964700471,
        58.396803311680095
      ],
      [
        52.883379023288825,
        77.21749734471665
      ],
      [
        60.64535996426345,
        93.99943454553366
      ]
    ],
    [
      [
        32.52441295442369,
        3.3013424596387133
      ],
      [
        37.72789228047704,
        14.883201910794845
      ],
      [
        40.4233600241796,
        26.57244498652421
      ],
      [
        42.72959251407622,
        41.41296633466341
      ],
      [
        47.12322717601059,
        59.55138989225978
      ],
      [
        54.161753505403226,
        78.102263514041
      ],
      [
        61.970959796156365,
        93.80093036783411
      ]
    ],
    [
      [
        32.99248495981216,
        2.486439873082658
      ],
      [
        36.79541643231187,
        13.706841732545987
      ],
      [
        38.94765031693114,
        26.11616733940164
      ],
      [
        42.06740964700471,
        42.09627078319944
      ],
      [
        47.883379023288825,
        60.746049477690306
      ],
      [
        55.64535996426345,
        78.70991372297614
      ],
      [
        62.813999930324215,
        93.26290040050142
      ]
    ],
    [
      [
        32.72789228047704,
        1.4494310179066945
      ],
      [
        35.4233600241796,
        12.645995530978617
      ],
      [
        37.72959251407622,
        26.006820896820987
      ],
      [
        42.12322717601059,
        43.0389567146372
      ],
      [
        49.161753505403226,
        61.874066685201505
      ],
      [
        56.970959796156365,
        78.98616838809286
      ],
      [
        62.96807473987015,
        92.43340525812901
      ]
    ],
    [
      [
        31.795416432311868,
        0.2829488066708116
      ],
      [
        33.94765031693114,
        11.795425537812266
      ],
      [
        37.06740964700471,
        26.254173250836814
      ],
      [
        42.883379023288825,
        44.15681680227688
      ],
      [
        50.64535996426345,
        62.834679097165036
      ],
      [
        57.813999930324215,
        78.90635050291209
      ],
      [
        62.39546133787047,
        91.3865412713401
      ]
    ],
    [
      [
        30.4233600241796,
        -0.9088083787723475
      ],
      [
        32.72959251407622,
        11.231110637325369
      ],
      [
        37.12322717601059,
        26.836129152342334
      ],
      [
        44.161753505403226,
        45.34999593375778
      ],
      [
        51.970959796156365,
        63.542078067765274
      ],
      [
        57.96807473987015,
        78.4775899613993
      ],
      [
        61.23635545572527,
        90.21582168225059
      ]
    ],
    [
      [
        28.947650316931142,
        -2.0193844183994303
      ],
      [
        32.06740964700471,
        11.003459398906882
      ],
      [
        37.883379023288825,
        27.700704213866924
      ],
      [
        45.64535996426345,
        46.51191097085192
      ],
      [
        52.813999930324215,
        63.93307375377034
      ],
      [
        57.39546133787047,
        77.73818666577122
      ],
      [
        59.774546638614574,
        89.02582338505684
      ]
    ],
    [
      [
        27.729592514076217,
        -2.9495748621649818
      ],
      [
        32.12322717601059,
        11.132807229682156
      ],
      [
        39.161753505403226,
        28.77066852008632
      ],
      [
        46.970959796156365,
        47.53877150377054
      ],
      [
        52.96807473987015,
        63.97273967503277
      ],
      [
        56.23635545572527,
        76.75418931029756
      ],
      [
        58.36793666733189,
        87.92284538353326
      ]
    ],
    [
      [
        27.06740964700471,
        -3.616288568068244
      ],
      [
        32.883379023288825,
        11.607599873158367
      ],
      [
        40.64535996426345,
        29.950445346148435
      ],
      [
        47.813999930324215,
        48.338851139356635
      ],
      [
        52.39546133787047,
        63.65753259294128
      ],
      [
        54.774546638614574,
        75.61349544815145
      ],
      [
        57.36091272008499,
        87.0054134176104
      ]
    ]
  ],