{
  "num_satellites": 1462,
  "num_meo_satellites": 32,
  "num_ground": 261,
  "num_train_slots": 10,
  "num_predict_slots": 10,
  "num_train_queries": 10,
  "num_predict_queries": 10,
  "gs_positions": [
    [
      -38.28305,
      -12.74832,
      0.0
    ],
    [
      -40.40863,
      -20.5578,
      0.0
    ],
    [
      -42.87279,
      -22.69668,
      0.0
    ],
    [
      -35.81701,
      -5.54612,
      0.0
    ],
    [
      -45.68113,
      -19.80334,
      0.0
    ],
    [
      -43.83329,
      -16.68367,
      0.0
    ],
    [
      -37.35373,
      -5.15695,
      0.0
    ],
    [
      -44.94544,
      -22.34929,
      0.0
    ],
    [
      -51.12088,
      -29.9842,
      0.0
    ],
    [
      -51.47411,
      -22.1461,
      0.0
    ],
    [
      -49.79286,
      -26.08857,
      0.0
    ],
    [
      -46.94226,
      -23.45641,
      0.0
    ],
    [
      -39.10287,
      -3.67468,
      0.0
    ],
    [
      -35.78008,
      -7.85393,
      0.0
    ],
    [
      -56.52698,
      -29.76549,
      0.0
    ],
    [
      -59.99778,
      -2.92674,
      0.0
    ],
    [
      -64.461,
      -31.52249,
      0.0
    ],
    [
      -73.02337,
      -41.48657,
      0.0
    ],
    [
      -73.39724,
      -38.81476,
      0.0
    ],
    [
      -71.3569,
      -35.55593,
      0.0
    ],
    [
      -71.2582,
      -29.99974,
      0.0
    ],
    [
      -70.78797,
      -27.02,
      0.0
    ],
    [
      -70.88325,
      -33.39272,
      0.0
    ],
    [
      -70.85045,
      -52.93974,
      0.0
    ],
    [
      -68.908109,
      12.097686,
      0.0
    ],
    [
      -76.907975,
      18.0178033,
      0.0
    ],
    [
      3.58773389218747,
      6.44952617548687,
      0.0
    ],
    [
      4.2124,
      7.3875,
      0.0
    ],
    [
      -95.8765,
      34.7893055555555,
      0.0
    ],
    [
      -95.8765,
      34.7893055555555,
      0.0
    ],
    [
      -88.0613055555555,
      35.1595,
      0.0
    ],
    [
      -88.0613055555555,
      35.1595,
      0.0
    ],
    [
      -76.7230277777777,
      39.9691111111111,
      0.0
    ],
    [
      -76.7230277777777,
      39.9691111111111,
      0.0
    ],
    [
      -108.20501,
      39.28885,
      0.0
    ],
    [
      -108.20501,
      39.28885,
      0.0
    ],
    [
      -82.2689722222222,
      31.6821666666666,
      0.0
    ],
    [
      -82.2689722222222,
      31.6821666666666,
      0.0
    ],
    [
      -97.06325,
      32.0044722222222,
      0.0
    ],
    [
      -97.06325,
      32.0044722222222,
      0.0
    ],
    [
      -94.4303055555555,
      32.53225,
      0.0
    ],
    [
      -94.4303055555555,
      32.53225,
      0.0
    ],
    [
      -119.684,
      46.1268611111111,
      0.0
    ],
    [
      -119.684,
      46.1268611111111,
      0.0
    ],
    [
      -122.035305555555,
      47.6962777777777,
      0.0
    ],
    [
      -122.035305555555,
      47.6962777777777,
      0.0
    ],
    [
      -120.174777777777,
      45.6255277777777,
      0.0
    ],
    [
      -120.174777777777,
      45.6255277777777,
      0.0
    ],
    [
      -86.5785277777777,
      34.0984444444444,
      0.0
    ],
    [
      -86.5785277777777,
      34.0984444444444,
      0.0
    ],
    [
      -84.974,
      41.6355277777777,
      0.0
    ],
    [
      -84.974,
      41.6355277777777,
      0.0
    ],
    [
      -103.79202,
      36.69751,
      0.0
    ],
    [
      -103.79202,
      36.69751,
      0.0
    ],
    [
      -69.9234444444444,
      43.8960833333333,
      0.0
    ],
    [
      -69.9234444444444,
      43.8960833333333,
      0.0
    ],
    [
      -76.8633055555555,
      42.7881111111111,
      0.0
    ],
    [
      -76.8633055555555,
      42.7881111111111,
      0.0
    ],
    [
      -92.5160277777777,
      44.9410277777777,
      0.0
    ],
    [
      -92.5160277777777,
      44.9410277777777,
      0.0
    ],
    [
      -87.2953611111111,
      40.9264444444444,
      0.0
    ],
    [
      -87.2953611111111,
      40.9264444444444,
      0.0
    ],
    [
      -97.9219722222222,
      38.229,
      0.0
    ],
    [
      -97.9219722222222,
      38.229,
      0.0
    ],
    [
      -81.0304861111111,
      27.8760055555555,
      0.0
    ],
    [
      -81.0304861111111,
      27.8760055555555,
      0.0
    ],
    [
      -118.878361111111,
      35.1620555555555,
      0.0
    ],
    [
      -118.878361111111,
      35.1620555555555,
      0.0
    ],
    [
      -75.9096542,
      39.6308745,
      0.0
    ],
    [
      -75.9096542,
      39.6308745,
      0.0
    ],
    [
      -82.6708333333333,
      34.4446944444444,
      0.0
    ],
    [
      -82.6708333333333,
      34.4446944444444,
      0.0
    ],
    [
      -77.9959444444444,
      40.8061944444444,
      0.0
    ],
    [
      -77.9959444444444,
      40.8061944444444,
      0.0
    ],
    [
      -89.7433055555555,
      41.3612222222222,
      0.0
    ],
    [
      -89.7433055555555,
      41.3612222222222,
      0.0
    ],
    [
      -88.8736666666666,
      40.1764722222222,
      0.0
    ],
    [
      -88.8736666666666,
      40.1764722222222,
      0.0
    ],
    [
      -124.383988095715,
      43.2477104876074,
      0.0
    ],
    [
      -124.383988095715,
      43.2477104876074,
      0.0
    ],
    [
      -98.0507777777777,
      29.7840555555555,
      0.0
    ],
    [
      -98.0507777777777,
      29.7840555555555,
      0.0
    ],
    [
      -121.329972222222,
      41.644,
      0.0
    ],
    [
      -121.329972222222,
      41.644,
      0.0
    ],
    [
      -84.974,
      33.73775,
      0.0
    ],
    [
      -84.974,
      33.73775,
      0.0
    ],
    [
      -101.51025,
      40.1049444444444,
      0.0
    ],
    [
      -101.51025,
      40.1049444444444,
      0.0
    ],
    [
      -97.7767442,
      33.4485415,
      0.0
    ],
    [
      -112.0973229,
      33.6851385,
      0.0
    ],
    [
      -97.4519272,
      27.7931087,
      0.0
    ],
    [
      -97.4519272,
      27.7931087,
      0.0
    ],
    [
      -122.8885664,
      44.9452748,
      0.0
    ],
    [
      -104.5052118,
      39.2919558,
      0.0
    ],
    [
      -104.5052118,
      39.2919558,
      0.0
    ],
    [
      -74.49797,
      40.54335,
      0.0
    ],
    [
      -74.49797,
      40.54335,
      0.0
    ],
    [
      -116.36509,
      32.70139,
      0.0
    ],
    [
      -116.36509,
      32.70139,
      0.0
    ],
    [
      -121.91987,
      39.77536,
      0.0
    ],
    [
      -121.91987,
      39.77536,
      0.0
    ],
    [
      -115.4668146,
      33.2204867,
      0.0
    ],
    [
      -115.4668146,
      33.2204867,
      0.0
    ],
    [
      -114.8746214,
      35.2988613,
      0.0
    ],
    [
      -118.3322165,
      33.9201458,
      0.0
    ],
    [
      -122.813527777777,
      46.9155277777777,
      0.0
    ],
    [
      -122.813527777777,
      46.9155277777777,
      0.0
    ],
    [
      -96.7125555555555,
      32.9654166666666,
      0.0
    ],
    [
      -96.7125555555555,
      32.9654166666666,
      0.0
    ],
    [
      -80.1930833333333,
      26.1908611111111,
      0.0
    ],
    [
      -84.1979722222222,
      33.9549722222222,
      0.0
    ],
    [
      -149.876888888888,
      61.1858611111111,
      0.0
    ],
    [
      -121.203666666666,
      45.6306111111111,
      0.0
    ],
    [
      -80.0382305555555,
      33.0602944444444,
      0.0
    ],
    [
      -82.7607777777777,
      40.061,
      0.0
    ],
    [
      144.805194444444,
      13.5028055555555,
      0.0
    ],
    [
      -157.063944444444,
      21.1093333333333,
      0.0
    ],
    [
      -122.06,
      39.0569999999999,
      0.0
    ],
    [
      -97.2131666666666,
      34.2684999999999,
      0.0
    ],
    [
      -87.646,
      30.567,
      0.0
    ],
    [
      -85.666,
      35.19725,
      0.0
    ],
    [
      -81.7330833333333,
      34.9853055555555,
