{
  "q_table": {
    "(0, 3)": {
      "1": 5.8987812821581525,
      "2": 7.261070580812415
    },
    "(1, 3)": {
      "2": 0.8009593892076063,
      "3": 9.999999999999993
    },
    "(3, 3)": {
      "2": 0.0,
      "4": 0.0,
      "5": 0.0
    },
    "(2, 3)": {
      "1": 1.0059916639841162,
      "3": 9.999999999999993,
      "4": 7.11625705830911
    },
    "(1, 4)": {
      "0": -5.054109809866963,
      "2": 5.458558411982339,
      "3": 7.248723842226281
    },
    "(0, 4)": {
      "2": 2.912803115647349
    },
    "(2, 4)": {
      "3": -0.17625029815547819,
      "4": 9.999997681730783,
      "0": -2.5939128671045215
    },
    "(3, 4)": {
      "4": 9.999999999999993,
      "5": 6.4515479086778615,
      "2": 2.285642014422671
    },
    "(4, 4)": {
      "5": 0.0,
      "6": 0.0
    },
    "(2, 5)": {
      "0": -12.167795484027556,
      "1": -4.658541499520061,
      "3": 5.5665748685356595,
      "4": 7.5335928809121535
    },
    "(0, 5)": {
      "1": -4.109838541631496
    },
    "(1, 5)": {
      "3": 3.920128740424667,
      "0": -11.838650482242025
    },
    "(3, 5)": {
      "4": 1.316809245850279,
      "5": 9.999955703072457,
      "1": -2.8705331707354658
    },
    "(4, 5)": {
      "5": 9.999999999999993,
      "6": 2.9521854131272365,
      "3": 0.5153756062899054
    },
    "(5, 5)": {
      "6": 0.0
    },
    "(3, 6)": {
      "1": -5.596265766215537,
      "2": -1.3132441046942955,
      "4": 5.409464784383003,
      "5": 7.51974434179889
    },
    "(1, 6)": {
      "0": -9.74838749912822,
      "2": -1.3923480564104969,
      "3": 2.243599158287535
    },
    "(0, 6)": {
      "2": -0.7605782711617306,
      "1": -6.260734205490401
    },
    "(2, 6)": {
      "4": 6.394533663292478,
      "3": -0.09121185421244482,
      "1": -6.183138374675692,
      "0": -8.399066960275682
    },
    "(4, 6)": {
      "5": 0.622215400097892,
      "6": 9.999999999999993,
      "3": 0.7759065017175166,
      "2": -0.2702899066811061
    },
    "(5, 6)": {
      "6": 9.999999999999993,
      "4": 1.882915806240363
    },
    "(6, 6)": {},
    "(3, 0)": {
      "1": 7.806426877211366,
      "2": 6.4870386097567,
      "4": -1.0216917640837162,
      "5": -5.672252341295473
    },
    "(1, 0)": {
      "0": 9.999999999999993,
      "2": 1.5548867721535382
    },
    "(0, 0)": {
      "2": 0.0
    },
    "(2, 0)": {
      "0": 9.999999999999993,
      "1": 0.7764296386553146,
      "4": 0.0,
      "3": 0.41863044870620336
    },
    "(4, 0)": {
      "2": 6.145757931677926,
      "5": -6.593177293891602,
      "6": -10.006034582005855,
      "3": 0.538024511797594
    },
    "(5, 0)": {
      "6": -10.572366407730964,
      "3": 2.198245288780933,
      "4": -0.6995378762734109
    },
    "(6, 0)": {
      "4": -1.264563456856281,
      "5": -6.437277405731521
    },
    "(4, 1)": {
      "2": 7.644159438746444,
      "3": 5.68110519912137,
      "5": -4.736030476031707,
      "6": -7.6660757553517165
    },
    "(2, 1)": {
      "0": 3.968655647267666,
      "1": 9.999999999999993,
      "3": 0.0
    },
    "(0, 1)": {
      "1": 8.499053647030008
    },
    "(1, 1)": {
      "3": 0.0
    },
    "(3, 1)": {
      "1": 9.969567472778296,
      "2": 0.0,
      "5": -0.6745423899313651
    },
    "(5, 1)": {
      "3": 1.2773348429283091,
      "6": -8.750199254379698
    },
    "(6, 1)": {
      "5": -4.54497935041196
    },
    "(5, 2)": {
      "3": 7.117634079367538,
      "4": 4.995353647510993,
      "6": -6.0124462284616556
    },
    "(3, 2)": {
      "1": 2.8535528302000586,
      "2": 9.999999999999993,
      "4": 0.5303137542682602
    },
    "(1, 2)": {
      "0": -0.26500913410390464,
      "2": 7.941088679053509
    },
    "(0, 2)": {
      "2": 1.0
    },
    "(2, 2)": {
      "4": 0.0
    },
    "(4, 2)": {
      "2": 9.98382690730077,
      "3": 0.0,
      "6": -2.161615964377124
    },
    "(6, 2)": {
      "4": 1.0588105173690896
    },
    "(6, 3)": {
      "4": 7.020263766903924,
      "5": 5.4168334682969785
    },
    "(4, 3)": {
      "2": 3.2745716881067364,
      "3": 9.999999999999982,
      "5": 0.0,
      "6": 0.18382074746254384
    },
    "(5, 3)": {
      "3": 9.99999999032225,
      "4": 0.0
    },
    "(5, 4)": {
      "4": 9.749684449500677,
      "6": -0.24551294717061226
    },
    "(6, 5)": {
      "5": 7.941088679053509
    },
    "(6, 4)": {
      "4": 1.0
    }
  },
  "learning_rate": 0.1,
  "gamma": 0.9,
  "epsilon": 0.07783125570686422,
  "dynamic_meo_enabled": true,
  "training_completed": "2025-07-26T16:41:48.422203"
}